{"cameraMode":{"drawMode":0,"name":"Shaded","section":"Shading Mode"},"sceneLighting":true,"audioPlay":false,"sceneViewState":{"m_AlwaysRefresh":false,"showFog":true,"showSkybox":true,"showFlares":true,"showImageEffects":true,"showParticleSystems":true,"showVisualEffectGraphs":true,"m_FxEnabled":true},"in2DMode":false,"pivot":{"x":-23.32419204711914,"y":1.1714460849761963,"z":33.83656311035156},"rotation":{"x":0.2385004758834839,"y":-0.024762744084000589,"z":0.006082598585635424,"w":0.9708158373832703},"size":9.87788200378418,"orthographic":false}